playerName,inflationAdjSalary
Michael Jordan,27877
Shaquille O'Neal,26808
Kevin Garnett,22378
LeBron James,21244
Kobe Bryant,21227
Chris Webber,20768
Kevin Durant,20241
Chris Paul,19782
Blake Griffin,19578
David Robinson,19354
Russell Westbrook,19255
James Harden,18931
Chris Bosh,17876
Dwight Howard,17710
Patrick Ewing,17628
Allan Houston,17428
Stephen Curry,17021
Marc Gasol,17011
Alonzo Mourning,16912
Shawn Kemp,16833
Anthony Davis,16781
Damian Lillard,16774
Gordon Hayward,16699
Karl Malone,16587
Stephon Marbury,16580
Hakeem Olajuwon,16575
Carmelo Anthony,16529
Kevin Love,16465
Al Horford,16432
Tim Duncan,16321
Latrell Sprewell,16287
Scottie Pippen,16134
Bradley Beal,16125
John Wall,16012
Paul George,15957
LaMarcus Aldridge,15947
Gilbert Arenas,15894
Kyrie Irving,15884
Allen Iverson,15767
Chandler Parsons,15620
Joe Johnson,15597
Larry Johnson,15516
Dikembe Mutombo,15473
Dirk Nowitzki,15365
Anfernee Hardaway,15312
Jayson Williams,15256
Otto Porter,15207
DeMar DeRozan,15070
Mike Conley,15041
Andre Drummond,14971
Dwyane Wade,14928
Pau Gasol,14927
Jason Kidd,14912
Brian Grant,14621
Harrison Barnes,14596
Amare Stoudemire,14568
Paul Millsap,14555
Kawhi Leonard,14359
Steve Francis,14258
Michael Finley,14179
Ray Allen,14177
Rasheed Wallace,14176
Andrew Wiggins,14107
Carlos Boozer,14105
Tracy McGrady,14097
Baron Davis,13984
Reggie Miller,13792
Hassan Whiteside,13776
Klay Thompson,13764
CJ McCollum,13648
Yao Ming,13571
Jimmy Butler,13515
Nicolas Batum,13461
Zach Randolph,13450
Jalen Rose,13397
Juwan Howard,13346
DeAndre Jordan,13305
Victor Oladipo,13246
Keith Van Horn,13215
Joel Embiid,13192
Jrue Holiday,13126
Gary Payton,13118
Antonio Davis,13000
Paul Pierce,12987
Danilo Gallinari,12912
Deron Williams,12907
Kevin Johnson,12848
Steven Adams,12777
Jermaine O'Neal,12771
Brandon Roy,12751
Kyle Lowry,12743
Glenn Robinson,12715
Tobias Harris,12701
Vin Baker,12695
Rashard Lewis,12647
Giannis Antetokounmpo,12600
Brook Lopez,12598
Rudy Gay,12542
Tom Gugliotta,12527
Derrick Rose,12426
Elton Brand,12348
Andre Iguodala,12343
Khris Middleton,12313
Tristan Thompson,12289
Nikola Jokic,12255
Bryant Reeves,12228
Antoine Walker,12198
Tyson Chandler,12176
Serge Ibaka,12127
Vlade Divac,12041
Antawn Jamison,12037
Rik Smits,11977
Zydrunas Ilgauskas,11961
John Stockton,11920
Enes Kanter,11809
Grant Hill,11705
Rudy Gobert,11704
Eric Gordon,11701
Draymond Green,11659
Luol Deng,11623
Shareef Abdur-Rahim,11564
Horace Grant,11539
Karl-Anthony Towns,11500
Damon Stoudamire,11435
Derrick Favors,11425
Tony Parker,11316
Derrick Coleman,11296
Kemba Walker,11232
Shawn Marion,11116
Joakim Noah,11115
Michael Redd,11114
Eddie Jones,11083
Lamar Odom,11081
Vince Carter,11071
Evan Turner,10985
Predrag Stojakovic,10968
Wesley Matthews,10958
D'Angelo Russell,10900
Elden Campbell,10882
Allen Crabbe,10873
Tim Thomas,10830
Ricky Rubio,10822
Al Jefferson,10817
Terrell Brandon,10808
Aaron Gordon,10776
Goran Dragic,10757
Glen Rice,10754
Mitch Richmond,10724
Jonas Valanciunas,10720
Raef LaFrentz,10711
Nick Van Exel,10642
Mike Bibby,10569
Antonio McDyess,10542
Nikola Pekovic,10506
Arvydas Sabonis,10460
Jamal Mashburn,10382
Eric Bledsoe,10365
Zion Williamson,10349
Bismack Biyombo,10324
Kent Bazemore,10304
Nikola Vucevic,10297
Wally Szczerbiak,10287
Evan Fournier,10263
Steve Nash,10259
Emeka Okafor,10201
Andrew Bogut,10179
Ryan Anderson,10165
Brandon Knight,10098
Kenyon Martin,10061
Andrew Bynum,10007
Richard Hamilton,9992
Kristaps Porzingis,9930
Theo Ratliff,9894
Andrei Kirilenko,9859
DeMarcus Cousins,9854
Bogdan Bogdanovic,9751
Marcus Camby,9708
Jason Richardson,9696
Jeff Teague,9692
Greg Monroe,9582
NenÃª,9532
Ben Gordon,9503
Mehmet Okur,9493
Deandre Ayton,9479
Kerry Kittles,9478
Dale Davis,9455
Manu Ginobili,9434
Clyde Drexler,9429
Jordan Clarkson,9364
David Lee,9316
Steve Smith,9315
Matt Geiger,9313
Tim Hardaway Jr,9299
Ja Morant,9260
Nikola Mirotic,9243
Josh Smith,9241
PJ Brown,9201
Thaddeus Young,9179
Roy Hibbert,9123
Marcin Gortat,9121
Cody Zeller,9108
Markelle Fultz,9040
Jabari Parker,8921
Danny Manning,8899
Timofey Mozgov,8896
Sean Elliott,8882
Larry Hughes,8862
Andrea Bargnani,8858
George Hill,8834
Tyreke Evans,8791
Bojan Bogdanovic,8777
Omer Asik,8771
Zach LaVine,8762
Richard Jefferson,8672
Kenny Anderson,8668
Christian Laettner,8659
Marvin Williams,8627
JJ Redick,8593
Erick Dampier,8591
Reggie Jackson,8492
Marvin Bagley,8481
Rajon Rondo,8467
Gerald Wallace,8467
Michael Kidd-Gilchrist,8461
Monta Ellis,8460
Dennis Schroeder,8459
Darius Miles,8450
Solomon Hill,8444
Shawn Bradley,8390
Toni Kukoc,8380
Corey Maggette,8355
Chauncey Billups,8341
RJ Barrett,8316
Dennis Rodman,8299
Chris Kaman,8292
Brad Miller,8238
Bison Dele,8132
Gorgui Dieng,8105
Lonzo Ball,8089
Jeremy Lin,8075
Tyrone Hill,8036
Devin Booker,7987
Kenneth Faried,7948
Charles Oakley,7928
Tim Hardaway,7886
Kentavious Caldwell-Pope,7848
Danny Granger,7839
Maurice Taylor,7811
Luc Longley,7785
Derek Anderson,7785
Tiago Splitter,7783
Robin Lopez,7747
Cuttino Mobley,7743
Kevin Martin,7729
Eddy Curry,7724
Donyell Marshall,7704
Joe Ingles,7689
Jamal Crawford,7686
Andris Biedrins,7685
Taj Gibson,7685
Anderson Varejao,7658
Rod Strickland,7619
Luka Doncic,7616
Terrence Ross,7610
Samuel Dalembert,7603
David West,7571
Gary Harris,7556
Andre Miller,7550
DeMarre Carroll,7521
Ben Wallace,7520
De'Andre Hunter,7497
Trevor Ariza,7488
Mike Miller,7477
Mirza Teletovic,7474
Andres Nocioni,7473
Al Harrington,7465
Tyrus Thomas,7441
Kelly Olynyk,7425
Jason Terry,7386
Mason Plumlee,7384
Jose Calderon,7381
Mark Price,7330
Greg Ostertag,7306
Derrick McKey,7303
Julius Randle,7279
John Henson,7277
Tayshaun Prince,7269
Jayson Tatum,7263
Ben Simmons,7260
Hidayet Turkoglu,7235
Ian Mahinmi,7216
Jim McIlvaine,7209
Nick Anderson,7187
Troy Murphy,7187
Otis Thorpe,7173
Chris Dudley,7159
Boris Diaw,7133
Caron Butler,7100
Charles Barkley,7083
Courtney Lee,7050
Dwight Powell,7039
Marcus Smart,7011
Meyers Leonard,7001
Jerry Stackhouse,6995
Wilson Chandler,6969
Clint Capela,6961
Kirk Hinrich,6936
Alan Henderson,6928
Kelvin Cato,6928
Darko Milicic,6904
Adonal Foyle,6871
Moe Harkless,6865
Loy Vaught,6846
Chris Mills,6840
OJ Mayo,6836
Danny Green,6807
Rony Seikaly,6791
Darius Garland,6789
Wesley Person,6789
Jeff Green,6788
Austin Croshere,6784
Anthony Mason,6782
Miles Plumlee,6773
Drew Gooden,6761
Stromile Swift,6725
Milos Teodosic,6723
Kenny Thomas,6720
Austin Rivers,6712
Iman Shumpert,6696
Mike Dunleavy,6684
Dante Exum,6668
Alec Burks,6659
Amir Johnson,6633
Shandon Anderson,6611
Kwame Brown,6604
Clifford Robinson,6557
Josh Jackson,6549
Robert Covington,6540
Chris Gatling,6521
Brandon Ingram,6497
Doug Christie,6488
Arron Afflalo,6444
Matthew Dellavedova,6438
Mookie Blaylock,6435
JR Smith,6395
A.C. Green,6382
Jeff Hornacek,6381
Marko Jaric,6375
Bryant Stith,6364
Jahidi White,6363
Michael Olowokandi,6331
Malcolm Brogdon,6330
Sam Cassell,6320
Lorenzen Wright,6315
Stephen Jackson,6306
Lionel Simmons,6300
Dion Waiters,6276
Josh Childress,6257
Avery Bradley,6254
TJ Ford,6248
Jameer Nelson,6238
Danny Fortson,6220
Trae Young,6218
Robert Horry,6213
Brendan Haywood,6201
Devin Harris,6197
Jarrett Culver,6166
Terry Rozier,6164
Jerome Williams,6157
James Johnson,6139
Myles Turner,6135
Metta World Peace,6131
Jerome James,6105
Kris Humphries,6102
Aaron McKie,6063
Eddie Robinson,6061
Jason Williams,6053
Alvin Williams,6045
Hersey Hawkins,6038
Wayman Tisdale,6025
Tony Snell,6021
Bobby Hurley,6019
Ersan Ilyasova,6019
Lamond Murray,6017
Ron Mercer,6008
Bobby Simmons,6003
Sharone Wright,5991
Ron Harper,5984
Clarence Weatherspoon,5983
Avery Johnson,5980
Maurice Williams,5972
JaVale McGee,5967
Bobby Phills,5961
Stojko Vrankovic,5954
Chris Mullin,5952
De'Aaron Fox,5930
Mark Blount,5926
Quentin Richardson,5915
Channing Frye,5879
Radoslav Nesterovic,5874
Al-Farouq Aminu,5868
James Posey,5857
Todd MacCulloch,5857
Tyler Johnson,5837
Jaylen Brown,5837
Cory Joseph,5814
TJ Warren,5807
Isaac Austin,5775
Carl Landry,5761
Bonzi Wells,5755
Charlie Villanueva,5751
Jason Caffey,5749
Rodney Stuckey,5731
Louis Williams,5719
Jusuf Nurkic,5708
Tariq Abdul-Wahad,5691
Shane Battier,5690
Alex Abrines,5687
Joe Smith,5675
Luis Scola,5656
Mo Bamba,5647
Jeremy Lamb,5644
Ken Norman,5638
Jonathan Bender,5636
Boban Marjanovic,5635
Corliss Williamson,5634
Coby White,5629
Cristiano Felicio,5613
Ty Lawson,5588
Eric Snow,5577
Bob Sura,5569
Vitaly Potapenko,5564
Kyle Korver,5559
Andre Roberson,5557
Calvin Booth,5556
Matt Harpring,5546
Malik Rose,5518
Brent Barry,5516
Markieff Morris,5503
Kendall Gill,5484
Nemanja Bjelica,5481
Danny Ferry,5474
Etan Thomas,5471
Sarunas Jasikevicius,5471
John Salmons,5459
Mark Jackson,5446
Dan Gadzuric,5424
Adam Morrison,5424
Kurt Thomas,5418
John Starks,5418
Tony Battie,5416
Marcus Morris,5405
Jonathan Isaac,5386
Antonio Daniels,5363
Kelly Oubre,5360
Eric Williams,5347
Ruben Patterson,5343
Patrick Mills,5339
Dino Radja,5332
Fred VanVleet,5328
Chris Childs,5293
John Williams,5283
Isaiah Rider,5264
Justise Winslow,5251
Dana Barros,5247
PJ Tucker,5230
Jared Dudley,5230
Andray Blatche,5229
Robert Pack,5221
Jorge Garbajosa,5212
Marcus Thornton,5190
Brandon Jennings,5183
Armen Gilliam,5176
Desmond Mason,5168
Glen Davis,5158
Jaxson Hayes,5157
Wendell Carter,5155
Jeff Foster,5154
Jae Crowder,5150
Derrick Williams,5136
Tomas Satoransky,5136
Josh Howard,5135
Scot Pollard,5132
Will Barton,5105
Charlie Ward,5090
Greg Oden,5080
Marc Jackson,5080
Morris Peterson,5063
Jerryd Bayless,5063
Howard Eisley,5062
DeSagana Diop,5044
Travis Outlaw,5041
Ricky Davis,5005
Larry Sanders,4994
Speedy Claxton,4994
Nick Collison,4990
Langston Galloway,4980
Raymond Felton,4966
Jon Leuer,4952
Trevor Booker,4951
Kendrick Perkins,4939
Kosta Koufos,4936
Lauri Markkanen,4917
Zeljko Rebraca,4913
Rick Fox,4909
Nazr Mohammed,4899
Darren Collison,4894
Derek Fisher,4894
Dewayne Dedmon,4880
Bo Outlaw,4847
Norman Powell,4837
Marquis Daniels,4832
Walt Williams,4828
Gerald Henderson,4819
Doug West,4815
Michael Stewart,4812
Martell Webster,4811
Josh Richardson,4809
Jared Jeffries,4796
Kris Dunn,4769
E'Twaun Moore,4746
Detlef Schrempf,4744
Rui Hachimura,4740
Luke Ridnour,4740
Anthony Bennett,4729
Collin Sexton,4723
Vladimir Radmanovic,4712
Dan Majerle,4688
DJ Augustin,4683
Ervin Johnson,4680
Bobby Portis,4679
Jordan Hill,4679
Billy Owens,4669
Harvey Grant,4668
Micheal Williams,4651
Landry Fields,4639
Chris Wilcox,4637
Patrick Beverley,4631
Spencer Hawes,4616
Udonis Haslem,4608
Shaun Livingston,4596
Will Perdue,4593
Zaza Pachulia,4585
Doug McDermott,4574
Patrick Patterson,4544
Joel Przybilla,4541
Alex Len,4534
Jamaal Magloire,4513
Corey Brewer,4511
Frank Ntilikina,4504
Cam Reddish,4503
Ed Davis,4463
Lance Stephenson,4458
Mickael Pietrus,4431
Travis Knight,4429
Scott Williams,4418
Mario Hezonja,4408
Brent Price,4406
Chucky Atkins,4405
Isaiah Thomas,4397
Jarrett Jack,4395
Michael Beasley,4394
Adam Keefe,4388
Gordan Giricek,4380
Nicolo Melli,4351
Cedric Ceballos,4350
Brevin Knight,4348
Michael Dickerson,4345
Brian Cardinal,4344
Kevin Knox,4341
Sarunas Marciulionis,4334
Buddy Hield,4332
Marco Belinelli,4312
Aron Baynes,4309
Jay Williams,4307
Jamaal Tinsley,4286
Bobby Jackson,4286
Earl Watson,4281
Cameron Johnson,4278
Marcus Banks,4261
JaMychal Green,4260
Davis Bertans,4260
Brandan Wright,4253
Luke Walton,4242
Brian Shaw,4225
Darrell Arthur,4206
Kyle Anderson,4203
Beno Udrih,4198
CJ Miles,4196
Chris Duhon,4195
Wesley Johnson,4162
LaPhonso Ellis,4159
Greg Minor,4159
Eduardo Najera,4146
Dennis Smith,4140
Nate McMillan,4140
Derek Strong,4133
Matt Carroll,4126
Mikal Bridges,4124
Darius Songaila,4112
Sherman Douglas,4110
Ben McLemore,4105
Trenton Hassell,4101
Mahmoud Abdul-Rauf,4075
Jonas Jerebko,4073
PJ Washington,4064
Stanley Roberts,4053
Larry Nance Jr,4051
Rodney Rogers,4051
Hasheem Thabeet,4041
Jason Kapono,4033
Moochie Norris,4031
David Wesley,4024
Sam Perkins,4022
Elfrid Payton,3991
Wayne Ellington,3984
Chris Mihm,3979
Bryon Russell,3967
Voshon Lenard,3961
Jamal Murray,3957
Grant Long,3950
Raja Bell,3949
Jerami Grant,3944
Jonny Flynn,3943
Dragan Tarlac,3939
Thabo Sefolosha,3937
Brandon Bass,3937
Zach Collins,3933
Jahlil Okafor,3930
Leandro Barbosa,3930
JJ Hickson,3926
Shai Gilgeous-Alexander,3916
Jan Vesely,3897
Ramon Sessions,3890
Daniel Gibson,3881
BJ Armstrong,3871
Willie Cauley-Stein,3870
Keon Clark,3869
Tyler Herro,3861
Marcus Fizer,3851
Pooh Richardson,3844
Nick Young,3837
Tracy Murray,3836
Dee Brown,3825
Francisco Garcia,3820
Michael Smith,3787
Charles Smith,3783
Jason Thompson,3777
Chris Andersen,3773
Randy Foye,3761
Jonathon Simmons,3760
Nenad Krstic,3758
Dragan Bender,3751
Greivis Vasquez,3750
Malik Monk,3737
Jaren Jackson Jr,3721
Miles Bridges,3720
Jim Jackson,3710
Greg Buckner,3706
Devean George,3702
Troy Hudson,3700
Rex Chapman,3698
Chris Morris,3695
Chuck Hayes,3683
Romeo Langford,3668
Calbert Cheaney,3656
Tyrone Nesby,3652
Fabricio Oberto,3651
Joe Harris,3647
Allonzo Trier,3646
Andrew Lang,3641
Don MacLean,3640
Mike James,3636
Ekpe Udoh,3635
Frank Kaminsky,3635
Stacey Augmon,3631
Jose Juan Barea,3628
Thomas Bryant,3625
Maxi Kleber,3625
Stanley Johnson,3622
Delon Wright,3621
Garrett Temple,3612
George Lynch,3611
Alexey Shved,3595
Josh McRoberts,3595
Tyus Jones,3593
Olden Polynice,3591
Linas Kleiza,3580
Evan Eschmeyer,3573
Lawrence Funderburke,3558
Nerlens Noel,3555
Luke Kennard,3550
Jason Smith,3549
Jerome Robinson,3536
Jodie Meeks,3532
Jason Collins,3530
Anthony Peeler,3524
Jason Maxiell,3513
Steve Blake,3508
Ron Baker,3492
Joel Freeland,3486
Sekou Doumbouya,3484
Emmanuel Mudiay,3481
Duane Causwell,3478
Tony Allen,3474
Elmore Spencer,3474
Dell Curry,3472
Trey Lyles,3471
Darrell Armstrong,3467
Dean Garrett,3447
Carl Herrera,3447
Anthony Parker,3422
Rafer Alston,3417
Lance Thomas,3411
Cole Aldrich,3396
Marquese Chriss,3394
Chuck Person,3383
Vinny Del Negro,3374
Donovan Mitchell,3372
Michael Porter,3357
Montrezl Harrell,3356
Eric Montross,3350
Steven Hunter,3349
Dennis Scott,3343
Pervis Ellison,3339
Jakob Poeltl,3335
Kevin Edwards,3334
Lindsey Hunter,3332
Ishmael Smith,3327
Matt Maloney,3320
Mindaugas Kuzminskas,3312
Hakim Warrick,3305
Cedric Henderson,3295
Thon Maker,3281
Sasha Danilovic,3280
Pat Garrity,3267
Nik Stauskas,3264
Nikoloz Tskitishvili,3264
Luc Mbah a Moute,3263
Bimbo Coles,3258
Bruce Bowen,3253
Joe Dumars,3229
Othella Harrington,3224
Anthony Tolliver,3223
Eric Piatkowski,3220
Mario Chalmers,3211
Alexis Ajinca,3205
Bam Adebayo,3204
Lucious Harris,3199
Dale Ellis,3195
Troy Brown,3191
Kostas Papanikolaou,3190
Anthony Morrow,3177
Mikki Moore,3169
Reggie Evans,3160
Keyon Dooling,3158
Charlie Bell,3155
Hot Rod Williams,3146
Nickeil Alexander-Walker,3144
Furkan Aldemir,3129
Tibor Pleiss,3115
Ira Newble,3112
Ronny Turiaf,3108
Matt Bonner,3106
Rafael Araujo,3105
Travis Best,3103
Chris Crawford,3098
Marreese Speights,3097
Eddie Griffin,3091
Terry Porter,3089
James Robinson,3082
Carlos Arroyo,3065
Kevin Willis,3060
Ronnie Brewer,3055
Mike Scott,3055
Elliot Perry,3052
Carlos Delfino,3049
Domantas Sabonis,3047
Justin Jackson,3043
Tarik Black,3042
Andrew DeClercq,3035
Robert Swift,3035
Zhaire Smith,3032
Mike Sweetney,3031
Chase Budinger,3028
Kyle Singler,3027
Tony Delk,3019
David Andersen,3006
Cedi Osman,3002
Ryan Gomes,3001
Andrew Nicholson,2994
Goga Bitadze,2987
Dajuan Wagner,2986
Matt Barnes,2977
Jud Buechler,2967
Lavoy Allen,2957
Dorell Wright,2953
Donald Royal,2947
Yi Jianlian,2946
Will Bynum,2942
Taurean Prince,2929
Dario Saric,2929
Thomas Robinson,2918
Mark Bryant,2907
Kyle O'Quinn,2902
Noah Vonleh,2887
Sean Rooks,2887
Spencer Dinwiddie,2884
Aaron Williams,2881
Donte DiVincenzo,2880
Jeff McInnis,2879
Michael Doleac,2875
Luka Samanic,2853
Randy Brown,2850
Rodney Hood,2841
Tyler Hansbrough,2838
Mario Elie,2837
Steve Kerr,2835
Terry Cummings,2832
DeShawn Stevenson,2825
Popeye Jones,2823
Sasha Vujacic,2803
Malcolm Delaney,2795
Greg Anthony,2791
Ivica Zubac,2790
Marko Guduric,2784
Antoine Carr,2778
Joel Anthony,2771
Carlos Rogers,2770
Quincy Pondexter,2766
Nate Robinson,2754
Yinka Dare,2749
DJ Wilson,2747
Matisse Thybulle,2738
Lonnie Walker,2738
Jared Sullinger,2737
Chris Whitney,2730
Tyronn Lue,2729
Sergio Rodriguez,2727
Saer Sene,2721
Fred Jones,2717
Kevin Seraphin,2712
Denzel Valentine,2706
Brandon Rush,2702
Rodney White,2697
Michael Cage,2697
Bostjan Nachbar,2692
Damon Jones,2691
Kedrick Brown,2688
Guerschon Yabusele,2684
Seth Curry,2680
Willie Green,2672
Jon Barry,2667
Julian Wright,2667
Vincent Poirier,2657
Daequan Cook,2638
Brandon Clarke,2629
Robert Traylor,2628
Shelden Williams,2614
Hubert Davis,2611
Kevin Huerter,2611
TJ Leaf,2609
Georgios Papagiannis,2609
Michael Carter-Williams,2604
Dan Dickau,2604
Juan Hernangomez,2600
Iakovos Tsakalidis,2600
Frank Brickowski,2600
Cory Alexander,2599
Sam Mitchell,2596
Justin Holiday,2592
Khalid Reeves,2588
Shawn Respert,2586
Jamie Feick,2582
Jarvis Hayes,2579
Festus Ezeli,2576
Kevin Gamble,2569
Al Thornton,2565
Daniel Theis,2564
George McCloud,2563
Aleksandar Pavlovic,2552
Keith Closs,2551
Brian Cook,2536
CJ Watson,2531
Samaki Walker,2530
Grant Williams,2524
Shelvin Mack,2519
Kenny Gattison,2514
Johnny Newman,2511
Tyler Zeller,2509
Felton Spencer,2508
Josh Okogie,2508
James Jones,2501
Brian Skinner,2499
Terry Mills,2495
John Collins,2492
Tree Rollins,2491
Rex Walters,2491
Darius Miller,2486
Sebastian Telfair,2485
Rashad McCants,2480
Walter Herrmann,2476
Rasual Butler,2474
Vassilis Spanoulis,2472
Shabazz Muhammad,2470
Johan Petro,2461
Michael Curry,2459
Greg Graham,2458
Eric Murdock,2458
Blue Edwards,2447
Muggsy Bogues,2437
Jackie Butler,2434
Juan Dixon,2433
Damien Wilkins,2430
Lorenzo Williams,2429
Buck Williams,2425
Jerome Moiso,2425
Darius Bazley,2423
Yaroslav Korolev,2417
Grayson Allen,2408
Brian Scalabrine,2405
Terry Davis,2393
Harry Giles,2392
Patrick O'Bryant,2388
Corie Blount,2387
Lucas Nogueira,2385
Ed O'Bannon,2377
Ibo Kutluay,2375
Walter McCarty,2373
John Wallace,2364
Trajan Langdon,2364
Kelenna Azubuike,2355
Cezary Trybanski,2355
Anthony Randolph,2355
Vitor Faverani,2354
Aaron Brooks,2348
John Amaechi,2347
Kosta Perovic,2347
Mike Muscala,2347
John Salley,2345
Reggie Bullock,2340
Kevin Ollie,2333
Delonte West,2329
Ty Jerome,2326
Chandler Hutchison,2310
Brooks Thompson,2310
Gerald Wilkins,2305
Erick Strickland,2299
Terrance Ferguson,2296
Primoz Brezec,2295
Sean May,2287
Acie Earl,2282
Steve Novak,2272
Kirk Snyder,2264
Anthony Johnson,2242
Lee Mayberry,2237
Acie Law,2236
Duane Ferrell,2234
Trey Burke,2233
Nassir Little,2233
Chris Copeland,2232
Gheorghe Muresan,2230
Jiri Welsch,2224
Aaron Holiday,2219
Predrag Drobnjak,2218
Rodney McGruder,2208
Cameron Payne,2208
B.J. Tyler,2206
Jarrett Allen,2205
Rashad Vaughn,2202
Sam Dekker,2195
Tom Hammonds,2194
Jordan Farmar,2183
Dante Cunningham,2175
Jamario Moon,2161
Dylan Windler,2159
Richaun Holmes,2158
Alonzo Gee,2151
Keith Bogans,2144
Terrence Williams,2139
Luke Jackson,2138
Gerald Green,2135
Kevon Looney,2135
Zarko Cabarkapa,2134
Stanislav Medvedenko,2132
Malik Beasley,2132
Wang Zhizhi,2131
Mark Madsen,2130
Anfernee Simons,2130
Eric Maynor,2128
Shawne Williams,2125
Yogi Ferrell,2123
Bryn Forbes,2121
Austin Daye,2121
Ante Zizic,2116
Joe Alexander,2116
OG Anunoby,2116
Omri Casspi,2112
Earl Clark,2112
Melvin Ely,2105
Cedric Simmons,2105
Malik Sealy,2104
Vernon Maxwell,2102
Tony Dumas,2098
Mfiondu Kabengele,2097
Maurice Evans,2097
Gary Trent,2092
Derek Harper,2090
Henry Ellenson,2089
Reece Gaines,2086
Jordan Poole,2084
Marcus Haislip,2083
Hilton Armstrong,2079
Antoine Wright,2077
Jason Collier,2070
Keldon Johnson,2069
J.R. Reid,2069
Cherokee Parks,2068
Wade Baldwin,2062
Haywoode Workman,2060
Greg Stiemsma,2049
Caris LeVert,2048
Moritz Wagner,2045
Xavier Henry,2036
Jarron Collins,2034
Anthony Carter,2029
William Avery,2027
Ike Diogu,2026
KJ McDaniels,2019
Gigi Datome,2015
Shannon Brown,2008
Royce White,2007
Curtis Borchardt,2006
Rondae Hollis-Jefferson,2004
James Ennis,2004
Zoran Dragic,2001
Dorian Finney-Smith,1994
Jon Koncak,1993
DeAndre Bembry,1988
DerMarr Johnson,1983
Didier Ilunga-Mbenga,1982
Troy Bell,1981
Landry Shamet,1977
Courtney Alexander,1971
Scott Burrell,1966
Vincent Askew,1964
Alan Williams,1963
Troy Daniels,1961
Craig Smith,1960
Justin Patton,1960
Renaldo Balkman,1959
Justin Anderson,1955
Dahntay Jones,1948
Aleksandar Radojevic,1942
Earl Boykins,1935
Robert Williams,1920
Kirk Haston,1912
Jacob Evans,1908
Joey Graham,1902
Joffrey Lauvergne,1901
Jake Layman,1899
Jake Voskuhl,1895
Dzanan Musa,1894
Chris Singleton,1888
Caleb Swanigan,1886
Tyler Lydon,1886
Omari Spellman,1881
Tim Legler,1879
Todd Day,1877
Mark Strickland,1874
Tony Massenburg,1859
Eric Mobley,1858
Khem Birch,1857
Doug Edwards,1853
Glenn Robinson III,1849
Shabazz Napier,1846
Robert Parish,1841
Louis Amundson,1839
Patrick McCaw,1837
Tyler Ennis,1837
Oleksiy Pecherov,1833
Kyle Kuzma,1831
Bryce Drew,1828
Francisco Elson,1823
Bill Wennington,1821
Tony Bradley,1820
Gary Neal,1817
Rodions Kurucs,1812
Derrick White,1807
Brian Roberts,1805
Shammond Williams,1805
Jimmer Fredette,1803
Gustavo Ayon,1802
Josh Hart,1794
Jumaine Jones,1776
Jarell Martin,1772
Bruno Caboclo,1771
Matt Bullard,1769
Viktor Khryapa,1768
Mark West,1767
Clifford Rozier,1767
Vyacheslav Kravtsov,1760
Sergey Karasev,1759
Shane Larkin,1754
Javaris Crittenton,1751
Rudy Fernandez,1748
Josh Boone,1746
Pascal Siakam,1741
Furkan Korkmaz,1740
Cal Bowdler,1738
Jason Hart,1736
Skal Labissiere,1735
TJ McConnell,1730
Rodrigue Beaubois,1730
Norris Cole,1729
Dejounte Murray,1728
Johnny Taylor,1724
Damian Jones,1721
Bill Curley,1720
Jerian Grant,1719
Roger Mason,1714
Malik Allen,1714
Sean Williams,1713
Kareem Rush,1711
Eddie House,1706
Sean Kilpatrick,1699
Terry Dehere,1685
Ryan Humphrey,1683
Nando De Colo,1679
Adreian Payne,1671
Zan Tabak,1671
Todd Fuller,1666
Malachi Richardson,1661
Craig Brackins,1660
Mitch McGary,1660
BJ Mullens,1646
Roshown McLeod,1643
Ronnie Price,1642
Terrence Jones,1636
Willy Hernangomez,1633
Alfonzo McKinnie,1632
Julius Hodge,1629
Mitchell Robinson,1628
Deyonta Davis,1625
Reggie Williams,1624
Aaron Gray,1622
Nolan Smith,1618
Keith Askins,1617
Ryan Hollins,1614
Greg Foster,1608
Arvydas Macijauskas,1604
Luke Babbitt,1602
Kendall Marshall,1598
Ronald Murray,1598
Dickey Simpkins,1597
Jordan Adams,1594
Eddie Johnson,1592
Nigel Williams-Goss,1591
Isaiah Roby,1591
Donte Greene,1584
Rodney Carney,1578
Toney Douglas,1575
Tim Frazier,1559
Chris Anstey,1557
Hamed Haddadi,1555
Sviatoslav Mykhailiuk,1553
Fred Hoiberg,1550
Frederic Weis,1548
Timothe Luwawu,1545
Semi Ojeleye,1545
Dalibor Bagaric,1544
Mateen Cleaves,1538
Raul Neto,1536
Michael Bradley,1525
Mardy Collins,1525
Victor Claver,1524
Perry Jones,1523
Travis Diener,1521
Joseph Forte,1518
Gary Grant,1517
James Young,1511
Fab Melo,1505
Luther Head,1503
Jeryl Sasser,1501
David Harrison,1499
Abdel Nader,1499
Jaylen Nowell,1485
Bruno Fernando,1485
Tyrone Corbin,1478
Sasha Kaun,1477
Alan Anderson,1476
Damyean Dotson,1474
Monty Williams,1473
DeJuan Blair,1471
Ricky Pierce,1457
Jordan Crawford,1457
Brice Johnson,1456
Wesley Iwundu,1455
Torrey Craig,1454
Jordan Mickey,1448
Dominique Jones,1443
Dion Glover,1440
Smush Parker,1438
Sonny Weems,1436
Herb Williams,1426
Mirsad Turkcan,1425
Josh Huestis,1424
Chris McCullough,1424
Pablo Prigioni,1422
Elie Okobo,1419
Marcus Williams,1417
Jalen Brunson,1414
Raul Lopez,1414
Pero Antic,1410
Luke Kornet,1406
Justin Reed,1403
Jannero Pargo,1402
Brandon Armstrong,1399
Joe Kleine,1398
Marty Conlon,1391
Gary Forbes,1390
Pat Connaughton,1385
Ed Gray,1384
Michael Ruffin,1383
Maceo Baston,1381
Jeremy Pargo,1379
Cheick Diallo,1378
Dontae' Jones,1378
Devin Brown,1373
Qyntel Woods,1372
Jacque Vaughn,1369
Kevin Porter,1369
Royce O'Neale,1369
Sterling Brown,1369
Frank Jackson,1369
Dwayne Bacon,1369
Salah Mejri,1369
Dillon Brooks,1369
Randolph Childress,1363
Scott Padgett,1361
Livio Jean-Charles,1359
Don Reid,1358
Jared Cunningham,1355
James Anderson,1349
Tony Wroten,1348
Lazar Hayward,1341
PJ Hairston,1339
Quincy Acy,1333
Eldridge Recasner,1331
Justin Hamilton,1329
Morris Almond,1327
Christian Eyenga,1327
DJ White,1321
Joseph Young,1321
Quincy Douby,1320
Darvin Ham,1319
Frank Williams,1317
Melvin Frazier,1317
Jeremy Evans,1314
Donnell Harvey,1313
Archie Goodwin,1312
Pavel Podkolzin,1306
Chris Carr,1306
Ryan Kelly,1304
Carsen Edwards,1302
Jeff Ayres,1300
Quinn Cook,1291
JaJuan Johnson,1290
Isaac Bonga,1290
Tim James,1288
Devonte Graham,1284
Adrian Griffin,1284
Rade Zagorac,1269
Alando Tucker,1269
Ivan Rabb,1269
George Zidek,1266
Arnett Moultrie,1265
Keith McLeod,1264
De'Anthony Melton,1263
John Crotty,1261
Vladimir Stepania,1259
Maciej Lampe,1257
Quincy Lewis,1257
Paul Grant,1256
Ike Anigbogu,1254
Nate Huffman,1249
Mario Bennett,1245
Cody Martin,1244
Nemanja Nedovic,1244
JR Giddens,1242
Chris Jefferies,1237
Jawun Evans,1236
Wayne Simien,1230
Jerome Kersey,1230
Ian Clark,1228
MarShon Brooks,1223
Damjan Rudez,1222
John Jenkins,1220
Brad Wanamaker,1218
Daniel Santiago,1218
Treveon Graham,1208
Bruce Brown,1203
Ryan Broekhoff,1203
Chimezie Metu,1203
Alize Johnson,1203
Jevon Carter,1203
Hamidou Diallo,1203
Jarred Vanderbilt,1203
Gary Trent Jr,1203
Khyri Thomas,1203
Keita Bates-Diop,1203
Kenrich Williams,1203
David Wingate,1202
Ryan Arcidiacono,1201
Tyler Dorsey,1195
Zhou Qi,1195
Miroslav Raduljica,1194
Vonteego Cummings,1193
Christian Wood,1187
Zoran Planinic,1183
Mamadou N'diaye,1182
Danuel House,1180
Rakeem Christmas,1166
Efthimios Rentzias,1154
Donatas Motiejunas,1150
Paul Zipser,1150
Isaiah Whitehead,1149
Marcelo Huertas,1144
Ryan Bowen,1142
Keith Booth,1142
Walter Tavares,1136
Shaquille Harrison,1134
Darrick Martin,1132
John Edwards,1131
Jordan Hamilton,1127
Derrick Jones,1125
Thurl Bailey,1125
Sam Jacobson,1119
Casey Jacobsen,1117
Quinton Ross,1109
Kyrylo Fesenko,1108
Roy Rogers,1100
Pete Chilcutt,1100
Mile Ilic,1098
AJ Hammons,1094
Sean Marks,1091
Joey Dorsey,1085
Wayne Selden,1083
Georges Niang,1076
Monte Morris,1075
Corey Benjamin,1072
Jamie Watson,1071
Stephen Zimmerman,1070
Priest Lauderdale,1068
Rodrick Rhodes,1062
Terance Mann,1060
Admiral Schofield,1060
Joe Wolf,1057
James White,1053
Jon Brockman,1052
Kyle Weaver,1049
Bernard Robinson,1048
Sam Young,1046
Milt Palacio,1044
Danny Schayes,1044
Royal Ivey,1043
Brian Evans,1043
Erick Barkley,1042
Randolph Morris,1041
Martin Muursepp,1037
Felipe Lopez,1034
Diamond Stone,1034
Chinanu Onuaku,1034
Josh Powell,1033
James Lang,1032
David Nwaba,1031
Dwayne Schintzius,1029
Larry Robinson,1027
Loren Meyer,1027
James Singleton,1025
David Benoit,1024
Rick Brunson,1020
Deonte Burton,1020
John Thomas,1017
Dominic McGuire,1016
Billy Thomas,1011
CJ Wilcox,1008
Ime Udoka,1005
Henry James,1004
Rick Mahorn,1001
Sherell Ford,1001
Ndudi Ebi,999
Victor Alexander,997
David Vaughn,996
Solomon Jones,988
Daniel Orton,986
Devyn Marble,985
Salim Stoudamire,980
Bruno Sundov,980
Solomon Alabi,979
Isaiah Canaan,976
Bobby Brown,975
Bernard James,971
Maurice Ager,970
Tyler Honeycutt,969
Roko Ukic,967
Andrew Harrison,967
Hollis Thompson,963
Frank Mason,961
Jonah Bolden,958
Damien Inglis,954
Troy Williams,953
Eric Paschall,952
Alen Smailagic,952
Caleb Martin,952
KZ Okpala,952
Daniel Gafford,952
Talen Horton-Tucker,952
Vlatko Cancar,952
Miye Oni,952
Jalen Lecque,952
Nicolas Claxton,952
Dewan Hernandez,952
Matt Thomas,952
DaQuan Jeffries,952
Ignas Brazdeikis,952
Terence Davis,952
Justin James,952
Jalen McDaniels,952
Naz Reid,952
Javonte Green,952
Eric Moreland,951
Ha Seung-Jin,946
Johnny O'Bryant,944
Jermaine Taylor,943
Dontonio Wingfield,941
Leon Powe,936
Yakhouba Diawara,931
Grant Jerrett,930
Marquis Teague,929
Christapher Johnson,928
Darius Morris,923
Luke Harangody,918
Cartier Martin,918
Devin Ebanks,913
Mario Kasun,911
Robert Sacre,909
Elliot Williams,907
Isaiah Hartenstein,904
Isaiah Briscoe,904
Antonio Lang,901
Isaiah Taylor,899
John Lucas,899
Edmond Sumner,897
Negele Knight,895
Charles Shackleford,895
Chucky Brown,894
Lynn Greer,889
Tommy Smith,888
Gal Mekel,887
Pat Burke,886
Jordan Bell,885
Mickael Gelabale,885
Nick Johnson,881
DeAndre Liggins,878
AJ Price,878
Jamal Sampson,878
Chris Quinn,876
Jeff Withey,876
Laron Profit,873
Jeffery Taylor,870
Mike Wilks,870
Ricky Ledo,867
Lee Nailon,866
Gabe Pruitt,865
Sindarius Thornwell,861
Ansu Sesay,860
Terence Morris,860
Tyler Ulis,858
Davon Reed,857
Mengke Bateer,857
Shavlik Randolph,856
Toure Murry,855
Alex Acker,854
Ivan Johnson,854
Derrick Brown,851
Darnell Jackson,850
Mark Pope,850
Julyan Stone,849
Andy Rautins,848
Donny Marshall,847
Randy Woods,847
Emanual Davis,844
Doron Lamb,843
Boniface N'Dong,840
Brad Lohaus,840
Richie Frahm,839
Mitchell Butler,838
Loren Woods,837
Dominique Wilkins,834
Thomas Hamilton,833
Willie Anderson,833
Anthony Avent,833
Jermaine Jackson,828
RJ Hunter,827
Von Wafer,826
Lonny Baxter,821
Oliver Miller,819
Henry Walker,817
Ronald Dupree,815
Pape Sow,815
Jamison Brewer,814
Shake Milton,808
Theo Pinson,808
Wenyen Gabriel,807
Doug Overton,807
Chasson Randle,803
Jamaal Franklin,803
Stephen Graham,799
Lionel Chalmers,798
Chris Hunter,796
Jeff Adrien,796
Jabari Smith,796
Duncan Robinson,793
Fred Vinson,792
Amal McCaskill,792
Jeff Sanders,791
Juwan Morgan,791
Pepe Sanchez,789
Andre Owens,786
Tamar Slay,785
Alex Caruso,785
Thanasis Antetokounmpo,784
Shawnelle Scott,783
Josh Selby,782
Damion James,780
Bobby Jones,780
Marcus Georges-Hunt,778
Jeremy Tyler,777
Sergey Monya,776
Kendrick Nunn,776
Andre Barrett,774
Cheikh Samb,773
Donald Sloan,772
Jelani McCoy,772
JaKarr Sampson,771
Cleanthony Early,770
Tyrone Wallace,770
Russ Smith,770
Shayne Whittington,770
Jabari Bird,770
Antonio Blakeney,770
Cameron Bairstow,770
Daniel Hamilton,770
Tierre Brown,769
Jeremy Richardson,766
Juaquin Hawkins,765
Peter John Ramos,765
Willie Reed,765
Leon Smith,762
Daniel Ewing,759
Reggie Slater,758
Ruben Boumtje-Boumtje,754
Malcolm Miller,754
Chris Boucher,754
Armon Johnson,753
Semih Erden,753
Jackson Vroman,752
Donta Smith,752
Romain Sato,752
Obinna Ekezie,751
Ognjen Kuzmic,750
Nick Calathes,750
Jerome Jordan,750
Dan Langhi,747
Okaro White,746
Gary Clark,744
Chris Taft,740
Ruben Wolkowyski,739
Tornike Shengelia,739
Nathan Jawai,738
Greg Anderson,737
Justin Williams,737
Trey Thompkins,736
Cory Higgins,736
Charles Jenkins,736
Craig Ehlo,732
Joel Bolomboy,730
Jeff Trepagnier,726
Eric Washington,725
Ray McCallum,725
Demetrius Jackson,724
James Augustine,724
Marcus Vinicius,724
Antonio Burks,724
Alexander Johnson,724
David Noel,724
Bracey Wright,723
Rawle Marshall,723
Martynas Andriuskevicius,723
Donell Taylor,723
Esteban Batista,723
Lawrence Roberts,723
Sheldon Mac,721
Greg Smith,719
Alton Ford,716
Chris Douglas-Roberts,715
Jerome Beasley,715
Alex Garcia,715
Brandon Hunter,715
Theron Smith,715
Eddie Gill,713
Zendon Hamilton,709
John Coker,708
Harold Jamison,704
Juan Carlos Navarro,701
Lavor Postell,699
Dakari Johnson,699
Olumide Oyedeji,699
Diante Garrett,698
Chris Johnson,697
Willie Solomon,695
Junior Harrington,682
Antonio Harvey,681
Malik Hairston,681
Sam Clancy,680
JR Bremer,680
Robert Archibald,680
Toby Bailey,676
Ed Pinckney,676
Josh Harrellson,674
Phil Pressey,673
Michael Hawkins,670
Gerard King,667
Mario West,667
Andrew Gaze,667
Linton Johnson,665
Alton Lister,664
Dexter Pittman,661
Samardo Samuels,650
Jordan McRae,649
Awvee Storey,648
Jack Haley,647
Tyus Edney,644
Michael Gbinije,643
Etdrick Bohannon,643
Kenny Satterfield,640
Anthony Roberson,635
Rodney Buford,635
Andrae Patterson,631
LaSalle Thompson,631
Byron Scott,631
Dwayne Jones,627
Willie Warren,623
Mike Taylor,620
Rayjon Tucker,613
Kay Felder,612
Anthony Brown,612
Kyle Wiltjer,612
James Michael McAdoo,612
Semaj Christon,612
Tremaine Fowlkes,610
Tarence Kinsey,609
Hanno Mottola,605
AJ Guyton,605
Maurice Ndour,605
Khalid El-Amin,605
Chris Porter,605
Chris Clemons,597
Cliff Alexander,597
Branden Dawson,597
Duje Dukan,597
DeJuan Wheat,593
Raymond Spalding,593
Sundiata Gaines,591
Gani Lawal,590
Sherron Collins,590
Pape Sy,590
Pooh Jeter,590
Terrico White,590
Da'Sean Butler,590
Earl Barron,589
Jerald Honeycutt,586
Axel Toupane,586
Horacio Llamas Grey,584
Corey Beck,584
Darrun Hilliard,584
Adonis Jordan,583
James Cotton,581
Lazaro Borrell,580
Robbie Hummel,580
Sam Mack,578
Scotty Hopson,578
Patric Young,578
Taylor Griffin,576
Marcus Landry,576
Reggie Jordan,574
Tony Farmer,574
Jimmy King,572
Ryan Reid,571
Peyton Siva,570
Vernon Macklin,570
Dwight Buycks,566
Orlando Johnson,565
DeQuan Jones,560
Ben Hansbrough,560
Kim English,560
Kevin Murphy,560
Luke Zeller,560
Tyshawn Taylor,560
D.J. Strawberry,557
Nick Fazekas,557
Devin Green,557
Adam Haluska,557
Eddie Basden,557
Herbert Hill,557
Taurean Green,557
Lawrence Moten,556
Gerald Brown,554
Nikita Morgunov,554
Jeffrey Sheppard,554
Makhtar N'Diaye,554
Ryan Stack,554
Miles Simon,554
Mate Skelin,554
Glen Rice Jr,553
Roger Powell,552
Will Blalock,552
Brian Chase,552
Damir Markota,552
Carrick Felix,552
Cedric Bozeman,552
Robert Hite,552
Ivan McFarlin,552
Uros Slokar,552
Allan Ray,552
Arthur Johnson,551
Luis Flores,551
Horace Jenkins,551
Erik Daniels,551
Randy Livingston,551
Walter Sharpe,548
Sean Singletary,548
Sun Yue,548
Jawad Williams,544
Markel Brown,542
Travis Hansen,542
Josh Moore,542
Jon Stefansson,542
Jermareo Davidson,540
Brandon Paul,539
Charles O'Bannon,537
Pierre Jackson,535
Marcus Brown,533
Jordan Williams,533
Kornel David,532
Rob Kurz,532
Erik Murphy,530
Brent Scott,529
Justin Harper,528
Chris Owens,527
Tito Maddox,527
Vincent Yarbrough,527
Igor Rakocevic,527
Ken Johnson,527
Predrag Savovic,527
Mike Batiste,527
Jorge Gutierrez,526
DaJuan Summers,525
Nicolas Brussino,524
Shea Seals,519
Chris Robinson,519
Steve Scheffler,518
Malcolm Lee,515
Orien Greene,515
Charles Jones,512
Tony Mitchell,511
Anzejs Pasecniks,511
Antonis Fotsis,508
Alvin Jones,508
Ernest Brown,508
Norm Richardson,508
Gary Payton II,508
Derrick Dial,508
Andre Emmett,507
Thomas Gardner,507
Gerald Fitch,502
Rafael Addison,502
Coby Karl,502
Garth Joseph,499
Ademola Okulaja,499
Mike Smith,499
Ruben Garces,499
Terrance Roberson,499
Chris Carrawell,499
Paul McPherson,499
Quincy Miller,497
Chris Herren,496
Marko Milic,496
Cory Jefferson,495
Chris Silva,495
Tim Young,493
Shannon Smith,493
John Celestand,493
Ryan Robertson,493
Malcolm Thomas,491
Paul Davis,489
Eric Riley,489
William Cunningham,484
Bubba Wells,480
J.R. Henderson,479
Cory Carr,479
Kelly McCarty,479
Marlon Garnett,479
Korleone Young,479
Paul Rogers,479
Jared Reiner,474
Pops Mensah-Bonsu,474
Kevin Salvadori,468
Othello Hunter,468
Soumaila Samake,466
Terrel Harris,465
Pete Myers,461
Sean Higgins,461
Tim Kempton,461
Kevin Jones,461
Ed Stokes,461
Tim Breaux,461
Tom Chambers,461
Andre Brown,461
Steve Henson,461
Ron Grandison,461
Hassan Adams,460
Travis Leslie,459
Hamady N'Diaye,457
Corsley Edwards,457
Derrick Caracter,457
Travis Wear,457
Henry Sims,451
Walker Russell,450
Jarnell Stokes,448
Kalin Lucas,447
Omar Cook,446
Ivano Newbill,445
Carl Thomas,445
Rumeal Robinson,445
Xavier McDaniel,440
Jerome Allen,440
Shane Heal,439
Tony Bobbitt,437
Lamar Patterson,435
Nate Wolters,435
Mike Peplowski,429
Willie Burton,429
Tony Smith,429
Darrin Hancock,429
Litterial Green,429
Larry Stewart,429
Mark Bradtke,429
Eric Leckner,429
Chris Jent,429
Ashraf Amaya,429
David Wood,429
Kevin Duckworth,429
Fred Roberts,429
Rich Manning,429
Donnie Boyce,429
Tracy Moore,429
Greg Dreiling,429
Keith Jennings,429
Donald Whiteside,421
Reggie Geary,421
Yante Maten,415
Mark Hendrickson,413
Lorenzo Brown,411
Serge Zwikker,410
Adrian Custis,410
Malcolm Huckaby,410
James Collins,410
Travis Williams,410
Jeff Nordgaard,410
Chris Garner,410
Derek Grimm,410
God Shammgod,410
Lari Ketner,409
John Long,408
Maalik Wayns,408
Damone Brown,403
Erick Green,402
Aaron Harrison,401
Dean Wade,397
James Nunnally,391
Josh Davis,389
Stephen Howard,387
Mark Davis,385
Jonathan Kerner,384
Steve Hamer,381
Marcus Mann,381
Ray Owes,381
Virginijus Praskevicius,381
James Scott,381
Oscar Torres,381
Brett Szabo,381
Carlos Strong,381
Will Conroy,373
Elijah Millsap,372
Juan Toscano-Anderson,371
Norvel Pelle,371
Ky Bowman,371
Matt Freije,370
Kyle Collinsworth,369
Kaniel Dickens,368
Art Long,366
Brandon Davies,359
Tim Quarterman,359
Steve Goodrich,359
Micheal Eric,355
Keith Langford,355
Earl Cureton,355
Pete Mickeal,352
Marshall Plumlee,349
Ratko Varda,348
Dean Oliver,343
Alex Poythress,343
Drew Barry,343
Matt Fish,341
Luis Montero,341
Dijon Thompson,338
Randell Jackson,334
Robert Whaley,334
Daniel Ochefu,334
Demetris Nichols,333
Cameron Oliver,332
Ben Uzoh,332
Kenny Smith,329
Sean Lampley,329
Kevin Burleson,325
Garret Siler,325
Rusty Larue,324
Lloyd Daniels,319
Ben Bentil,317
Briante Weber,317
Andre Dawkins,309
Jonathan Gibson,307
Brandon Goodwin,307
Chris Richard,305
Joe Stephens,303
Zabian Dowdell,302
Dionte Christmas,302
Mickell Gladness,298
Damion Lee,296
Ben Handlogten,295
JamesOn Curry,295
Anthony Goldwire,295
Lou Roe,294
Ben Davis,293
Torraye Braggs,289
Adrian Caldwell,288
Lester Hudson,287
Andrew Goudelock,283
Anthony Miller,282
Jarvis Varnado,273
Mike Penberthy,271
Jeff Foote,271
Brandon Williams,268
Kris Joseph,267
Gaylon Nickerson,265
Casey Shaw,260
Scott Brooks,256
Antonius Cleveland,255
Chris Wright,255
Manny Harris,248
Alex Kirk,244
Michael Frazier,244
Trevor Winter,243
Jimmy Oliver,236
Desmon Farmer,236
Jarell Eddie,232
Nicolas Laprovittola,230
Scottie Wilbekin,227
DeMarcus Nelson,226
Jason Lawson,225
Dedric Willoughby,220
Arinze Onuaku,220
Kebu Stewart,220
Aaron Miles,217
Andreas Glyniadakis,215
Steven Smith,215
Chris McCray,215
Chris Smith,214
Nigel Hayes,214
Jaylen Adams,214
Darington Hobson,212
Adam Harrington,212
Sean Banks,210
Jontay Porter,209
Dairis Bertans,209
James Thomas,207
Carldell Johnson,202
Mychel Thompson,202
Darius Washington,201
Benoit Benjamin,201
Mike Gansey,200
Mychal Mulder,199
A.J. Bramlett,194
Slavko Vranes,191
Omari Johnson,189
Rick Hughes,188
Courtney Sims,187
Steven Hill,184
Rodney Purvis,183
DeMarco Johnson,182
James Southerland,181
Mike Hall,181
Antonio Anderson,176
Shawn Long,174
Scott Machado,174
Trey Johnson,172
Brandon Wallace,170
Stacey King,169
Tim Ohlbrecht,168
Luguentz Dort,165
Sharrod Ford,163
Jermaine Walker,163
Ben Moore,162
Mike Tobey,156
Blake Ahearn,155
Yuta Tabuse,154
Johnathan Williams,154
Larry Drew II,153
Jaylen Morris,151
Robert Werdann,150
Patricio Garino,148
Pat Carroll,147
Jarrod Uthoff,146
Walter Lemon Jr,146
Devin Gray,144
Bryce Cotton,143
Darius Johnson-Odom,142
Darryl Watkins,142
Milton Doyle,141
David Stockton,140
Oshae Brissett,137
Jimmie Hunter,133
Paul Miller,133
Deng Gai,129
Jack Cooley,129
Joe Chealey,128
PJ Dozier,121
Will Cherry,121
Othyus Jeffers,121
Jabari Brown,119
BJ Johnson,118
Naz Long,117
Chris Chiozza,116
Elias Harris,116
Marcus Paige,113
Jonathan Holmes,113
Xavier Munford,113
Isaiah Cousins,112
JP Tokoto,112
Stefan Jankovic,112
Egidijus Mockevicius,112
Dennis Horner,110
Chris Babb,107
Donta Hall,107
Alex Stepheson,105
Emanuel Terry,102
Cam Reynolds,100
Daniel Horton,100
Jefferson Sobral,100
Justin Bibbs,99
Kiwane Garris,99
JP Macura,97
Jaylen Johnson,97
Jamel Thomas,95
Geno Carlisle,94
Josh Gray,93
Vincent Grier,93
Tang Hamilton,92
CJ Fair,91
Prince Ibeh,87
Derrick Walton,86
Larry Owens,86
Erik McCree,85
Eric Griffin,85
Jamil Wilson,85
Andrew White,85
Yakuba Ouattara,85
Vince Hunter,85
London Perrantes,85
Mangok Mathiang,85
Myke Henry,85
Gian Clavell,85
Josh Magette,85
Alec Peters,85
Jacob Pullen,85
Jacob Wiley,85
Michael Young,85
Matt Williams,85
Jamel Artis,85
Reggie Hearn,85
Tyler Cavanaugh,84
William Howard,84
Adam Mokoka,84
Amir Coffey,84
Tyler Cook,84
Amile Jefferson,84
Vic Law,84
Tremont Waters,84
Zylan Cheatham,84
Devin Robinson,84
Kobi Simmons,84
Brian Bowen,84
Jordan McLaughlin,84
Moses Brown,84
Josh Reaves,84
Jarrell Brantley,84
CJ Williams,84
Justin Wright-Foreman,84
Gabe Vincent,84
Kadeem Allen,84
Charlie Brown,84
Kyle Guy,84
Ruben Nembhard,84
Kaleb Tarczewski,84
Ron Riley,84
Garrison Mathews,84
Kevin Hervey,84
Kenny Wooten,84
Paul Watson,84
Quincy Ford,84
Kelan Martin,84
Quinndary Weatherspoon,84
Kyle Alexander,84
Jordan Bone,84
Bol Bol,84
Marial Shayok,84
Jeremiah Martin,84
Matt Mooney,84
Max Strus,84
Devontae Cacok,84
Tariq Owens,84
Louis King,84
Tacko Fall,84
John Konchar,84
Jared Harper,84
Jaylen Hoard,84
Johnathan Motley,84
Isaiah Hicks,84
Keith Benson,84
DeVaughn Akoon-Purcell,83
Deng Adel,83
Daryl Macon,83
Thomas Welsh,83
George King,83
Drew Gordon,83
Vincent Edwards,83
Donte Grantham,83
Kostas Antetokounmpo,83
Drew Eubanks,83
Brandon Sampson,83
Tyler Davis,83
Billy Preston,83
Trevon Bluiett,83
Trevon Duval,83
Yuta Watanabe,83
Angel Delgado,83
Bonzie Colson,83
Troy Caupain,83
Zach Lofton,83
Jordan Loyd,83
Jaron Blossomgame,83
Keenan Evans,83
Julian Washburn,83
Rawle Alkins,83
Charles Cooke,83
Jared Terrell,83
Marcus Derrickson,83
Haywood Highsmith,83
Mustafa Shakur,82
Xavier Silas,82
Derek Hood,81
Mike Harris,81
Casper Ware,80
James Webb,79
Thomas Walkup,78
Mark Karcher,78
Joe Crispin,74
Luke Schenscher,73
Guillermo Diaz,73
Randy Holcomb,72
Billy Garrett,72
Matt Janning,72
Richard Hendrix,71
Matt Costello,71
Keith Appling,70
Jerel McNeal,70
Bryce Dejean-Jones,70
Coty Clarke,70
Malik Newman,69
Zach Auguste,67
Cedric Jackson,67
Andre Ingram,66
Kevin Pittsnogle,66
Britton Johnsen,65
Jalen Jones,65
Jamal Robinson,63
Brady Heslip,63
Stephane Lasme,62
Mitch Creek,61
Tyrone Grant,60
John Holland,59
DJ Stephens,58
Vander Blue,57
Scott Wood,56
EJ Singler,56
Elgin Cook,56
DJ Kennedy,56
Anthony Barber,56
Jemerrio Jones,56
VJ Beachem,55
Landry Nnoko,55
Bronson Koenig,55
Matt Walsh,54
Justin Dentmon,53
Guy Rucker,52
Tahjere McCall,51
Trey McKinney-Jones,51
Jameel Warney,51
Jordan Sibert,51
Tarik Phillip,51
Stephan Hicks,51
Bakari Hendrix,51
Aaron Jackson,51
Marcus Thornton II,51
Isaac Humphries,51
Dusty Hannahs,51
Richard Solomon,51
Cody Demps,51
Mitchell Creek,51
Beau Beech,50
Courtney Fortson,50
Josh Akognon,49
Wayne Turner,49
Paul Shirley,45
Patrick Savoy,42
LaMarcus Golden,40
Mike Brown,40
Sim Bhullar,39
JJ O'Brien,35
David Wear,34
Nikola Jovanovic,33
Shane Edwards,33
Melvin Sanders,33
Alex Scales,33
Brett Robisch,32
Nick Zeisloft,28
Jason Miskiri,26
Renaldo Major,26
Todd Lindeman,25
Louis Bullock,16
John Morton,11
Andy Panko,8
Ira Bowman,7
Jason Sasser,4
